TroveID,troveUrl,title,site_name,contributor,issued,year,abstract,subjects,URLs,ExternalURL_1,ExternalURL_1_type,relevanceScore,suburbs,longitude,latitude
25997129,http://trove.nla.gov.au/work/25997129,"Report on the archaeological excavation of part of the former Saint Patrick's Church property, 129-145 Harrington and Gloucester Streets, Sydney, N.S.W. / Edward Higginbotham & Associates",129-145 Harrington Street Sydney,"Higginbotham, Edward A. K",2000,2000,not found,not found,not found,not found,not found,0.09137317,none found,none found
8185549,http://trove.nla.gov.au/work/8185549,"Broadway Picture Theatre development (former Phoenician Club) 173-179 Broadway, Ultimo : Aboriginal archaeological test investigation report in fulfillment [sic] of preliminary research permit number 1854 / Jim Wheeler, Peter Mitchell & Fiona Leslie","173-179 Broadway, Ultimo","Wheeler, Jim, archaeologist",2004,2004,not found,not found,not found,not found,not found,0.09326255,none found,none found
22071605,http://trove.nla.gov.au/work/22071605,"Report on the archaeological test-excavation of the site of the 1855 Parramatta Railway Terminus, Mort Street, Granville, N.S.W. / Edward Higginbotham","1855 Parramatta Railway Terminus, Mort Street, Granville","Higginbotham, Edward A. K",1994,1994,not found,not found,not found,not found,not found,0.104738794,none found,none found
160038438,http://trove.nla.gov.au/work/160038438,"Report on the archaeological monitoring programme of the site of the 1855 Parramatta Railway Terminus, Mort Street, Granville, N.S.W. / Edward Higginbotham for State Rail Authority, N.S.W","1855 Parramatta Railway Terminus, Mort Street, Granville","Higginbotham, Edward A. K",1995,1995,not found,not found,not found,not found,not found,0.035514466,none found,none found
12901843,http://trove.nla.gov.au/work/12901843,"Report on archaeological watching brief during construction of the Commonwealth Government office block, Parramatta NSW / Edward Higginbotham","2-12 Macquarie St, Parramatta","Higginbotham, Edward A. K",1986,1986,not found,not found,not found,not found,not found,0.04025124,none found,none found
169680793,http://trove.nla.gov.au/work/169680793,"Archaelogical excavation report : Lot 351 (No. 265) Fifteenth Avenue, West Hoxton / Martin Carney, Fenella Atkinson & Nicole Trapnell ; Archaeological Managment & Consulting Group","265 Fifteenth Avenue, West Hoxton","Carney, Martin",2006,2006,not found,not found,not found,not found,not found,0.124709934,none found,none found
169216528,http://trove.nla.gov.au/work/169216528,"Archaeological assessment : documentation supporting exception to S140 of the heritage Act 1977 application : 37-39 Cowper St., Harris Park NSW / Martin Carney, Fenella Atkinson & Ivana Vetta","37-39 Cowper St, Harris Park","Carney, Martin D",2008,2008,not found,not found,not found,not found,not found,0.059814006,none found,none found
169210559,http://trove.nla.gov.au/work/169210559,"Archaeological assessment : documentation supporting S140 of the heritage Act 1977 application : 37-39 Cowper St., Harris Park NSW / Martin Carney, Fenella Atkinson & Ivana Vetta","37-39 Cowper St, Harris Park","Carney, Martin D",2008,2008,not found,not found,not found,not found,not found,0.059814006,none found,none found
22070588,http://trove.nla.gov.au/work/22070588,"Report on the archaeological excavation of the site of the new blood bank : Parramatta Hospital, George St., Parramatta N.S.W. / Edward Higginbotham","4 George Street, Parramatta","Higginbotham, Edward A. K",1994,1994,not found,not found,not found,not found,not found,0.10930086,none found,none found
5978427,http://trove.nla.gov.au/work/5978427,Parramatta Hospital : an historical analysis for an archaeological assessment of the site / Terry Kass for Consultant Archaeological Services for Public Works Department of NSW,"4 George Street, Parramatta","Kass, Terry",1990,1990,not found,not found,not found,not found,not found,0.060844928,none found,none found
21508500,http://trove.nla.gov.au/work/21508500,"Report on the archaeological monitoring programme of the sewer diversion for the new blood bank, Parramatta Hospital, George Street, Parramatta, N.S.W. / E. Higginbotham for Department of Health, N.S.W","4 George Street, Parramatta","Higginbotham, Edward A. K",1993,1993,not found,not found,not found,not found,not found,0.036847927,none found,none found
160038435,http://trove.nla.gov.au/work/160038435,"Report on the archaeological monitoring programme during the demolition of 21, 29, 33 and 67 Junction Road, Baulkham Hills, N.S.W. / Edward Higginbotham for Roads and Traffic Authority","67 Junction Road, Baulkham Hills","Higginbotham, Edward A. K",1995,1995,not found,not found,not found,not found,not found,0.035514466,none found,none found
35176962,http://trove.nla.gov.au/work/35176962,"Archaeological excavation 2003 season final report : 72 (76) Phillip Street, Brown's and Walker's cordial factory yard, former MWS&DB Depot, Parramatta N.S.W. / Martin Carney, Fenella Atkinson","72 Phillip Street, Parramatta","Carney, Martin D",2004,2004,not found,not found,not found,not found,not found,0.12428372,none found,none found
6065543,http://trove.nla.gov.au/work/6065543,"Admiralty House, Kirribilli, Sydney, N.S.W. : report on archaeological inspection of maintenance works / report compiled by Edward Higginbotham","Admiralty House, Kirribilli","Higginbotham, Edward A. K",1983,1983,not found,not found,not found,not found,not found,0.07851975,none found,none found
31968832,http://trove.nla.gov.au/work/31968832,"Annesley House : an archaeological assessment of the former Annesley House site, Balmain Road Leichhardt, NSW / ford archaeological services for the Department of Public Works and Services",Annesley House,New South Wales. Dept. of Public Works and Services,2000,2000,not found,not found,not found,not found,not found,0.08805042,151.1600166,-33.876975
198856754,http://trove.nla.gov.au/work/198856754,"An archaeological assessment of Bald Face Point Reserve, Stuart Street, Blakehurst, New South Wales / Vanessa Hardy","Bald Face Point Reserve, Blakehurst","Hardy, Vanessa",2002,2002,not found,not found,not found,not found,not found,0.05190476,none found,none found
223425481,http://trove.nla.gov.au/work/223425481,"Barangaroo Headland Park, historical archaeological excavation, Sydney : Final report / prepared by Alan Hay of Austral Archaeology Pty Ltd ... for Lend Lease Corporation Limited",Barangaroo Headland Park,"Hay, Alan",2016,2016,not found,not found,not found,not found,not found,0.21358004,151.201206,-33.857208
22070229,http://trove.nla.gov.au/work/22070229,"Report on the archaeological monitoring programme for the construction of a basketball court : Hyland Farm Road Group, Hyland Road Greystanes, N.S.W. / Edward Higginbotham","basketball court, Hyland Farm Road, Greystanes","Higginbotham, Edward A. K",1993,1993,not found,not found,not found,not found,not found,0.041756004,none found,none found
160035177,http://trove.nla.gov.au/work/160035177,"Historical and archaeological analysis of proposed main road between Southern Cross Drive and General Holmes Drive, Mascot and Eastlakes, Sydney, N.S.W. / report compiled by Edward Higginbotham",between Southern Cross Drive and General Holmes Drive,"Higginbotham, Edward A. K",1985,1985,not found,not found,not found,not found,not found,0.03319434,151.1918063,-33.9429674
18356079,http://trove.nla.gov.au/work/18356079,"Historical and archaeological analysis of proposed main road between Southern Cross Drive and General Holmes Drive, Mascot and Eastlakes, Sydney, N.S.W. : report / compiled by Edward Higginbotham ; historical research by Edward Higginbotham and Guy MacKanna ; historical outline (section 2.0) by Guy Mackanna ; edited by Edward Higginbotham for the Dept. of Main Roads, N.S.W",between Southern Cross Drive and General Holmes Drive,"Higginbotham, Edward A. K",1985,1985,not found,not found,not found,not found,not found,0.029896453,151.1918063,-33.9429674
20932041,http://trove.nla.gov.au/work/20932041,"Blackfriars School site baseline archaeological assessment / for the University of Technology Sydney [by] Casey & Lowe Associates, Archaeologists & Heritage Consultants","Blackfriars School, UTS Sydney","University of Technology, Sydney",1993,1993,not found,not found,not found,not found,not found,0.060002252,none found,none found
20089011,http://trove.nla.gov.au/work/20089011,"Historical archaeological test excavation report : former Bonnyrigg Male Orphan School site, Bonnyrigg NSW / Peter Douglas & Cosmos Coroneos",Bonnyrigg Male Orphan School,"Douglas, Peter archaeologist",2005,2005,not found,not found,not found,not found,not found,0.18928061,150.8763177,-33.89032668
29706137,http://trove.nla.gov.au/work/29706137,Research design & excavation methodology for proposed investigations at the former Bonnyrigg Male Orphan School site (on land between Brown & Homestead Rd's - Bonnyrigg NSW) / Peter Douglas ; on behalf of Landcom,Bonnyrigg Male Orphan School,"Douglas, Peter archaeologist",2004,2004,not found,not found,not found,not found,not found,0.049765795,150.8763177,-33.89032668
22536182,http://trove.nla.gov.au/work/22536182,"Botany Pumping Station ruins : archaeological report on the Pumping Station ruins at the former Botany Water Works, Sydney / C & MJ Doring","Botany Water Works, Sydney",C. and M. J. Doring (Firm),1996,1996,not found,not found,not found,not found,not found,0.040403694,none found,none found
22071663,http://trove.nla.gov.au/work/22071663,"Report on the archaeological monitoring programme of works associated with the construction of the Sydney Harbour Tunnel at Bradfield Park, Milson's Point, Sydney, N.S.W / E. Higginbotham","Bradfield Park, Milson's Point","Higginbotham, Edward A. K",1992,1992,not found,not found,not found,not found,not found,0.04146559,none found,none found
25998123,http://trove.nla.gov.au/work/25998123,"Bullecourt Place, Ultimo : archaeological excavation report / prepared for Australand Holdings Ltd and Heritage Council of NSW [by] Godden Mackay Logan Heritage Consultants","Bullecourt Place, Ultimo",Godden Mackay Logan Pty. Ltd,2004,2004,not found,not found,not found,not found,not found,0.09244461,none found,none found
160036747,http://trove.nla.gov.au/work/160036747,Burwood copper smelter : manager's house site historical archaeological report / Damaris Bairstow for Hunter District Water Board,Burwood copper smelter,"Bairstow, Damaris",1987,1987,not found,not found,not found,not found,not found,0.038055655,none found,none found
34022505,http://trove.nla.gov.au/work/34022505,"Archaeological assessment Butcher Brothers' Brickworks Alto Place, Artarmon / Report to Thiess John Holland Joint Venture [by] Casey & Lowe Pty Ltd","Butcher Brothers' Brickworks Alto Place, Artarmon",Thiess John Holland Joint Venture,2004,2004,not found,not found,not found,not found,not found,0.05471803,none found,none found
22111429,http://trove.nla.gov.au/work/22111429,"An archaeological investigation of Aboriginal sites at Callan Point and Yurulbin point : a report to the Leichhardt Council / by Australian Archaeological Survey Consultants Pty. Ltd. (AASC), (Huys, Johnston, Wickman)","Callan Point and Yurulbin point, Leichhardt",Australian Archaeological Survey Consultants Pty. Ltd,1995,1995,not found,not found,not found,not found,not found,0.19777517,none found,none found
9881742,http://trove.nla.gov.au/work/9881742,"Historical & archaeological assessment of the proposed site for NSW Water Police at Camerons Cove East Balmain NSW : a report prepared in accordance with the requirements of the Camerons Cove Master Plan adopted by the Minister of Urban Affairs & Planning, 3rd October, 2000 / Graham Wilson ... [et al.]","Cameron's Cove, Balmain","Wilson, Graham",2001,2001,not found,not found,not found,not found,not found,0.08977712,none found,none found
10271808,http://trove.nla.gov.au/work/10271808,"Sydney Water Police relocation to Cameron's Cove, Balmain : maritime archaeological assessment : final / prepared for Archaeological & Heritage Management Solutions Pty Ltd (AHMS) by Cosmos Coroneos","Cameron's Cove, Balmain","Coroneos, Cosmos",2003,2003,not found,not found,not found,not found,not found,0.0542323,none found,none found
27687828,http://trove.nla.gov.au/work/27687828,"Report on the archaeological monitoring programme during construction of the Campbelltown Medical and Dental Clinic, Queen Street, Campbelltown, N.S.W. / Edward Higginbotham for Tim Shellshear & Associates Architects Pty Ltd","Campbelltown Medical and Dental Clinic, Queen Street, Campbelltown","Higginbotham, Edward A. K",2000,2000,not found,not found,not found,not found,not found,0.043274827,none found,none found
220908542,http://trove.nla.gov.au/work/220908542,"Camperdown Memorial Rest Park, Newtown : archaeological assessment of proposed landscaping and research design for mitigation / Denis Gojak, Banksia Heritage + Archaeology for Marrickville Municipal Council",Camperdown Memorial Rest Park,"Gojak, Denis",2002,2002,not found,not found,not found,not found,not found,0.1301324,151.1784337,-33.8943565
34864281,http://trove.nla.gov.au/work/34864281,Carrington watchhouse : Lot 7. Section K. Carrington village. Report to the Heritage Council of New South Wales / Damaris Bairstow with Sydney University Centre for Historical Archaeology,Carrington watchhouse,"Bairstow, Damaris",1988,1988,not found,not found,not found,not found,not found,0.037647717,none found,none found
30476057,http://trove.nla.gov.au/work/30476057,"Castle Hill Heritage Park : archaeological assessment research design & excavation methodology for proposed monitoring of landscaping & test investigation at the barracks & schoolhouse sites / Archaeological & Heritage Management Solutions Pty Ltd, on behalf of Baulkham Hills Shire Council",Castle Hill Heritage Park,Baulkham Hills (N.S.W. : Shire). Council,2003,2003,not found,not found,not found,not found,not found,0.19163984,151.014518,-33.7181541
8670548,http://trove.nla.gov.au/work/8670548,"Aboriginal archaeological test excavation report for proposed development of Castle Hill Heritage Park, Castle Hill, NSW : report prepared in support of an application under Section 90 of the National Parks and Wildlife Act (1974) for a heritage impact permit / by Jim Wheeler ... [et al.], on behalf of Baulkham Hills Shire Council",Castle Hill Heritage Park,"Wheeler, Jim archaeologist",2003,2003,not found,not found,not found,not found,not found,0.1174715,151.014518,-33.7181541
30475419,http://trove.nla.gov.au/work/30475419,"Castle Hill Heritage Park : Aboriginal archaeological assessment & development impact mitigation strategy for proposed archaeological test excavations / Jim Wheeler, Peter Douglas & Chris Lewczak, on behalf of Baulkham Hills Shire Council",Castle Hill Heritage Park,"Wheeler, Jim archaeologist",2003,2003,not found,not found,not found,not found,not found,0.083797745,151.014518,-33.7181541
20561781,http://trove.nla.gov.au/work/20561781,Castle Hill Heritage Park : archaeological excavation report for the Stage 1 Redevelopment Area / [Graham Wilson & Peter Douglas],Castle Hill Heritage Park,"Wilson, Graham archaeologist",2005,2005,not found,not found,not found,not found,not found,0.14457437,151.014518,-33.7181541
18299574,http://trove.nla.gov.au/work/18299574,Castle Hill archaeological report / editor: Judy Birmingham,Castle Hill Heritage Park,"Birmingham, Judy",1984,1984,not found,not found,not found,not found,not found,0.056347888,151.014518,-33.7181541
171865040,http://trove.nla.gov.au/work/171865040,"Heritage & Archaeological Assessment : portions of Cliftonville Road, Upper Half Moon Reach Hawkesbury River, Lower Portland N.S.W. / Martin Carney and Fenella Atkinson for Baulkham Hills Shire Council","Cliftonville Road, Upper Half Moon Reach Hawkesbury River, Lower Portland","Carney, Martin",2003,2003,not found,not found,not found,not found,not found,0.07257738,none found,none found
164182355,http://trove.nla.gov.au/work/164182355,"Archaeological report coastal cliff walk South Head / M. Koettig, G. C. Wilson for Woollahra Municipal Council","coastal cliff walk, South Head","Koettig, Margrit",1986,1986,not found,not found,not found,not found,not found,0.030018158,none found,none found
6211712,http://trove.nla.gov.au/work/6211712,"Historical and archaeological investigation of a stone lined watercourse and other features, Commonwealth Analytical Laboratories, Suakin Street Pymble, NSW / report prepared by E. Higginbotham ; historical research by Terry Kass","Commonwealth Analytical Laboratories, Suakin Street Pymble","Higginbotham, Edward A. K",1988,1988,not found,not found,not found,not found,not found,0.099003285,none found,none found
7876956,http://trove.nla.gov.au/work/7876956,"Archaeological investigations in the grounds of Como House, 1996 : report prepared for the National Trust of Australia (Victoria) / by Phillip C. Edwards","Como House, Victoria","Edwards, Phillip C. (Phillip Charles)",1998,1998,not found,not found,not found,not found,not found,0.09331751,none found,none found
19405044,http://trove.nla.gov.au/work/19405044,"Archaeological investigation, Conservatorium site, Macquarie Street, Sydney / for NSW Department of Public Works & Services ; Casey & Lowe Pty Ltd","Conservatorium of Music, Sydney",Casey & Lowe Associates,2002,2002,not found,not found,not found,not found,not found,0.07402328,none found,none found
19862081,http://trove.nla.gov.au/work/19862081,"Cowpasture Road upgrade, northern section (North Liverpool road to the West Link M7 Motorway), Liverpool NSW, Aboriginal Archaeological Assessment / Fiona Leslie, Jim Wheeler & Peter Douglas",Cowpasture Road (North Liverpool road to the West Link M7 Motorway),"Leslie, Fiona",2005,2005,not found,not found,not found,not found,not found,0.067492306,none found,none found
157325865,http://trove.nla.gov.au/work/157325865,"Report on archaeological monitoring programme on site A, Cumberland Hospital, Eastern campus, Parramatta, N.S.W. for Western Sydney Area Health Service","Cumberland Hospital, Parramatta","Higginbotham, Edward A. K",1997,1997,not found,not found,not found,not found,not found,0.029828243,none found,none found
13170005,http://trove.nla.gov.au/work/13170005,Customs House Sydney archaeological assessment : a report prepared for Sydney City council / Wendy Thorp,"Customs House, Sydney","Thorp, Wendy",1995,1995,not found,not found,not found,not found,not found,0.106288336,none found,none found
24762198,http://trove.nla.gov.au/work/24762198,"Archaeological assessment : sections of the Darlington Campus, University of Sydney / Casey & Lowe Associates for the University of Sydney","Darlington Campus, University of Sydney",Casey & Lowe Associates,1997,1997,not found,not found,not found,not found,not found,0.066831164,151.192137,-33.8887051
213229178,http://trove.nla.gov.au/work/213229178,"Report on archaeological monitoring of drill pits at the south portal of the disused railway tunnel, Otford to Stanwell Park, N.S.W. / Edward Higginbotham for Priority Sewerage Programme, Sydney Water Corporation","disused railway tunnel, Otford to Stanwell Park","Higginbotham, Edward",2004,2004,not found,not found,not found,not found,not found,0.02490357,none found,none found
26223608,http://trove.nla.gov.au/work/26223608,"Archaeological assessment old DMR site, Castlereagh, Campbell and Pitt Streets Sydney for Meriton Apartments Pty Ltd / [by] Casey & Lowe Associates","DMR site, Sydney",Casey & Lowe Associates,1994,1994,not found,not found,not found,not found,not found,0.05575177,none found,none found
171902316,http://trove.nla.gov.au/work/171902316,"Baseline archaeological assessment : parts of Driver and John Hargreaves Avenues, Moore Park, N.S.W. / Fenella Atkinson for Optus Networks","Driver and John Hargreaves Avenues, Moore Park","Atkinson, Fenella",2004,2004,not found,not found,not found,not found,not found,0.093259215,none found,none found
31383212,http://trove.nla.gov.au/work/31383212,"Archaeological assessment of the proposed burial crypt/vault development site at Eastern Suburbs Memorial Park, Matraville, NSW / Dan Tuck & Peter Douglas, on behalf of N & F Arciuli Pty Ltd","Eastern Suburbs Memorial Park, Matraville","Tuck, Dan",2002,2002,not found,not found,not found,not found,not found,0.08269448,none found,none found
13546540,http://trove.nla.gov.au/work/13546540,"Archaeological investigation of the mission house, Ebenezer Mission, Victoria : report to Heritage Victoria and Aboriginal Affairs Victoria / Jane Lydon, Alasdair Brooks and Zvonkica Stanin","Ebenezer Mission, Victoria","Lydon, Jane",2004,2004,not found,not found,not found,not found,not found,0.11237268,none found,none found
32619687,http://trove.nla.gov.au/work/32619687,"Archaeological investigation of the former Ebenezer Mission, Victoria : stage II : community report / Jane Lydon","Ebenezer Mission, Victoria","Lydon, Jane",2007,2007,not found,not found,not found,not found,not found,0.11113827,none found,none found
33288000,http://trove.nla.gov.au/work/33288000,"Archaeological investigation of the mission house, Ebenezer Mission, Victoria : community report / Jane Lydon","Ebenezer Mission, Victoria","Lydon, Jane",2004,2004,not found,not found,not found,not found,not found,0.097210765,none found,none found
32619609,http://trove.nla.gov.au/work/32619609,"Archaeological investigation of the former Ebenezer Mission, Victoria : stage II : report to Heritage Victoria and Aboriginal Affairs Victoria / Jane Lydon with Bruno David and Zvonkica Stanin","Ebenezer Mission, Victoria","Lydon, Jane",2007,2007,not found,not found,not found,not found,not found,0.08496252,none found,none found
5559349,http://trove.nla.gov.au/work/5559349,An archaeological report on the Ebenezer Mission Stateion / D. Rhodes,"Ebenezer Mission, Victoria","Rhodes, D",1998,1998,not found,not found,not found,not found,not found,0.06002246,none found,none found
20590055,http://trove.nla.gov.au/work/20590055,"Emmaus Village, Kemps Creek, NSW : Aboriginal archaeological test excavation report in accordance with Dec Section 87 Permit # 2237 & in support of an application under Section 90 of the National Parks & Wildlife Act 1974 / Jim Wheeler","Emmaus Village, Kemps Creek","Wheeler, Jim archaeologist",2005,2005,not found,not found,not found,not found,not found,0.11297807,none found,none found
22002993,http://trove.nla.gov.au/work/22002993,"Report on the archaeological excavation of the site of the Family Court of Australia, corner of Castlereagh and Goulburn Streets, Sydney, 1990 / E. Higginbotham","Family Court of Australia, corner of Castlereagh and Goulburn Streets, Sydney","Higginbotham, Edward A. K",1991,1991,not found,not found,not found,not found,not found,0.15399891,150.6756628,-33.7258115
20730456,http://trove.nla.gov.au/work/20730456,"Fitzroy Bridge, Windsor Road, Windsor, NSW : archaeological assessment of the Green Hills Burial Ground / [Graham Wilson and Peter Douglas]","Fitzroy Bridge, Windsor","Wilson, Graham, archaeologist",2006,2006,not found,not found,not found,not found,not found,0.07897564,none found,none found
6475271,http://trove.nla.gov.au/work/6475271,"Archaeological excavations on the former Australian Gas Light Company site, Haymarket, Sydney : a report for Australian Construction Services (NSW Region), Department of Administrative Services / by Rosemary Annable","former Australian Gas Light Company site, Haymarket","Annable, Rosemary",1989,1989,not found,not found,not found,not found,not found,0.046312734,none found,none found
160036192,http://trove.nla.gov.au/work/160036192,"George Street, Parramatta, N.S.W. 1985 : report on the archaeological excavation of buildings associated with the early township / by Edward Higginbotham","Garfield Barwick Commonwealth Law Courts Building, Parramatta","Higginbotham, Edward A. K",1986,1986,not found,not found,not found,not found,not found,0.09823992,none found,none found
12902132,http://trove.nla.gov.au/work/12902132,"George Street, Parramatta, N.S.W. 1985 : report on the archaeological excavation of buildings associated with the early township, 1790 to c.1820s / report prepared by Edward Higginbotham for the Commonwealth Department of Housing and Construction and Leighton Contractors Pty. Ltd","Garfield Barwick Commonwealth Law Courts Building, Parramatta","Higginbotham, Edward A. K",1986,1986,not found,not found,not found,not found,not found,0.0710394,none found,none found
12904188,http://trove.nla.gov.au/work/12904188,"Report on archaeological watching brief : gateway plaza, circular quay, Sydney N.S.W","Gateway Plaza, Circular Quay","Higginbotham, E. A. K",1986,1986,not found,not found,not found,not found,not found,0.06899585,none found,none found
160035696,http://trove.nla.gov.au/work/160035696,"Report on archaeological watching brief Gateway Plaza Circular Quay Sydney, NSW / Edward Higginbotham","Gateway Plaza, Circular Quay","Higginbotham, Edward A. K",1986,1986,not found,not found,not found,not found,not found,0.04567641,none found,none found
37033321,http://trove.nla.gov.au/work/37033321,"Archaeological investigation, Government House gardens, Sydney : a report prepared for the Environmental Design Section, Public Works Department, NSW / Wendy Thorp","Government House, Sydney","Thorp, Wendy",1991,1991,not found,not found,not found,not found,not found,0.07015461,none found,none found
34658790,http://trove.nla.gov.au/work/34658790,"Granville Boys High School, Granville, NSW : historical archaeological excavation report / Matthew Kelly",Granville Boys High School,"Kelly, Matthew archaeologist",2005,2005,not found,not found,not found,not found,not found,0.17518805,151.0093397,-33.8340579
31386347,http://trove.nla.gov.au/work/31386347,"Report on archaeological test excavation at Granville Pool, Enid Avenue, Granville, NSW / Jim Wheeler & Peter Douglas, on behalf of Parramatta City Council",Granville Pool,Parramatta (N.S.W.). Council,2004,2004,not found,not found,not found,not found,not found,0.16441986,151.0129679,-33.83506
31385337,http://trove.nla.gov.au/work/31385337,"Historical archaeological assessment of Granville Pool re-development at Enid Avenue, Granville NSW / Jim Wheeler, Peter Douglas & Caroline Wilby, on behalf of Parramatta City Council",Granville Pool,"Wheeler, Jim archaeologist",2003,2003,not found,not found,not found,not found,not found,0.07519864,151.0129679,-33.83506
8758343,http://trove.nla.gov.au/work/8758343,"Green Road Reserve, Kellyville, NSW : Aboriginal archaeological assessment for proposed development of a stormwater detention basin & roundabout / by Jim Wheeler & Fiona Leslie, on behalf of Baulkham Hills Shire Council","Green Road Reserve, Kellyville","Wheeler, Jim, archaeologist",2003,2003,not found,not found,not found,not found,not found,0.07804955,none found,none found
37009624,http://trove.nla.gov.au/work/37009624,"Proposed upgrade of Helensburgh Public School, Fletcher Street, Helensburgh NSW : historical archaeological assessment / [report written by Adam Paterson and reviewed by Peter Douglas]",Helensburgh Public School,"Paterson, Adam, 1980-",2007,2007,not found,not found,not found,not found,not found,0.104683846,150.987732,-34.184212
8273357,http://trove.nla.gov.au/work/8273357,"Helensburgh Public School, Fletcher St, Helensburgh NSW : historical archaeologiacal assessment / Fiona Leslie & Peter Douglas",Helensburgh Public School,"Leslie, Fiona",2004,2004,not found,not found,not found,not found,not found,0.084952876,150.987732,-34.184212
194782240,http://trove.nla.gov.au/work/194782240,"Hungry Beach fortifications, Ku-ring-gai Chase National Park : archaeological inspections and conservation assessment / Denis Gojak","Hungry Beach fortifications, Ku-ring-gai Chase National Park","Gojak, Denis",1991,1991,not found,not found,not found,not found,not found,0.03394537,none found,none found
30474865,http://trove.nla.gov.au/work/30474865,"Historical archaeological assessment of the former no. 3 green - Hunters Hill Bowling Club, Hunters Hill, NSW : report prepared as part of a heritage management options study for the site / Dan Tuck & Peter Douglas, on behalf of the joint venturers  ... ..",Hunters Hill Bowling Club,"Tuck, Dan",2002,2002,not found,not found,not found,not found,not found,0.08254172,151.1537744,-33.8331312
186351291,http://trove.nla.gov.au/work/186351291,"Historical archaeological assessment of the former No 3 Green - Hunters Hill Bowling Club, Hunters Hill, NSW. / The Joint Venturers",Hunters Hill Bowling Club,The Joint Venturers,2002,2002,not found,not found,not found,not found,not found,0.05756446,151.1537744,-33.8331312
19405165,http://trove.nla.gov.au/work/19405165,"Archaeological investigation, CSR site, Pyrmont (Jacksons Landing) / for Lend Lease Development ; Casey & Lowe Associates","Jacksons Landing, Pyrmont",Casey & Lowe Associates,2000,2000,not found,not found,not found,not found,not found,0.07499565,none found,none found
20932414,http://trove.nla.gov.au/work/20932414,"Archaeological assessment CSR site, Pyrmont / for Howard Tanner and Associates on behalf of Civil and Civic [by] Casey & Lowe Associates","Jacksons Landing, Pyrmont",Casey & Lowe Associates,1996,1996,not found,not found,not found,not found,not found,0.04917857,none found,none found
29705102,http://trove.nla.gov.au/work/29705102,"Parramatta skate park : James Ruse Reserve, Parramatta : Aboriginal heritage impact assessment in support of a preliminary research permit application for archaeological test excavation at the site / Jim Wheeler","James Ruse Reserve, Parramatta","Wheeler, Jim, archaeologist",2004,2004,not found,not found,not found,not found,not found,0.17286506,none found,none found
27007709,http://trove.nla.gov.au/work/27007709,"Historical and archaeological assessment report for the K.E.N.S. sandstone extraction project, Sussex Street, Sydney, N.S.W. / Edward Higginbotham & Associates for the Department of Public Works and Services","KENS Site, Sydney","Higginbotham, Edward A. K",1996,1996,not found,not found,not found,not found,not found,0.07298212,none found,none found
17239942,http://trove.nla.gov.au/work/17239942,"Archaeological assessment, the Kens site, Sydney / Wendy Thorp","KENS Site, Sydney","Thorp, Wendy",1999,1999,not found,not found,not found,not found,not found,0.06827548,none found,none found
26977440,http://trove.nla.gov.au/work/26977440,"Report on archaeological test trenching on the site of the K.E.N.S. sandstone extraction project, Sussex Street, Sydney, N.S.W. / Edward Higginbotham & Associates for Baulderstone Hornibrook Pty Ltd","KENS Site, Sydney","Higginbotham, Edward A. K",1997,1997,not found,not found,not found,not found,not found,0.04152332,none found,none found
27544093,http://trove.nla.gov.au/work/27544093,"Kent Hotel site, Millers Point : archaeological monitoring project : report prepared for the Heritage Council of New South Wales and Philip Cox Richardson Taylor and Partners Pty Ltd on behalf of Dalegrove Pty Ltd / by Don Godden and Associates Pty Ltd","Kent Hotel, Millers Point",Don Godden and Associates,1989,1989,not found,not found,not found,not found,not found,0.036615245,none found,none found
160038442,http://trove.nla.gov.au/work/160038442,"Report on the archaeological excavation of three test trenches at the King George V Recreation Centre, Cumberland Street, The Rocks, N.S.W. / Edward Higginbotham for the Council of the City of Sydney","King George V Recreation Centre, The Rocks","Higginbotham, Edward A. K",1996,1996,not found,not found,not found,not found,not found,0.0742484,none found,none found
32502896,http://trove.nla.gov.au/work/32502896,"Archaeological assessment of former brickworks (Kirrawee Living Centres Project) Princes Highway, Oak Road & Flora Street, Kirrawee, N.S.W. Edward Higginbotham for Planning NSW",Kirrawee Living Centres Project,"Higginbotham, Edward A. K",2002,2002,not found,not found,not found,not found,not found,0.032441787,150.907849,-33.7707516
160040036,http://trove.nla.gov.au/work/160040036,"Lady Bay, the archaeological investigation of an historic site at Lady Bay, Inner South Head, Port Jackson, Sydney : a report for the Commonwealth Department of Transport and Construction, NSW Region / by Anne Bickford",Lady Bay,"Bickford, Anne",1982,1982,not found,not found,not found,not found,not found,0.050720192,151.2794335,-33.8355382
13180241,http://trove.nla.gov.au/work/13180241,The Lake Condah Aboriginal mission domitory : an historical and archaeological investigation / David Rhodes,"Lake Condah Aboriginal mission, Victoria","Rhodes, David",1986,1986,not found,not found,not found,not found,not found,0.060333543,none found,none found
160038437,http://trove.nla.gov.au/work/160038437,"Report on the archaeological monitoring programme during underpinning of foundations at Lancer Barracks, Parramatta, N.S.W. / Edward Higginbotham for Gazzard Sheldon Architects","Lancer Barracks, Parramatta","Higginbotham, Edward A. K",1996,1996,not found,not found,not found,not found,not found,0.035655405,none found,none found
160038436,http://trove.nla.gov.au/work/160038436,"Report on the archaeological monitoring programme for Moore Hall & college on the site of the proposed extensions to Liverpool Hospital, Elizabeth Street, Liverpool, N.S.W. / Edward Higginbotham for South Western Sydney Area Health Service & Capworks Management Pty Ltd",Liverpool Hospital,"Higginbotham, Edward A. K",1996,1996,not found,not found,not found,not found,not found,0.032325614,150.9293148,-33.9199613
22070654,http://trove.nla.gov.au/work/22070654,"Report on the archaeological excavation of test-trenches on the site of Moore Hall', Liverpool Hospital : Elizabeth & Goulburn Streets, Liverpool, N.S.W. / E. Higginbotham",Liverpool Hospital,"Higginbotham, Edward A. K",1993,1993,not found,not found,not found,not found,not found,0.090375006,150.9293148,-33.9199613
34669386,http://trove.nla.gov.au/work/34669386,"Area 3 in lot 14, Hall St., at Pitt Town, NSW : historical archaeological test / [Peter Douglas and Graham Wilson]","Lot 14 Hall St, Pitt Town","Douglas, Peter, archaeologist",2005,2005,not found,not found,not found,not found,not found,0.20797765,none found,none found
175974281,http://trove.nla.gov.au/work/175974281,Lower Prospect Canal s60 excavation : archaeological excavation report / by [Environmental Resources Management Australia] [for] Boral Recycling,"Lower Prospect Canal, Prospect Reservoir",Environmental Resources Management (Firm),2008,2008,not found,not found,not found,not found,not found,0.1262553,150.8929227,-33.8210665
22070828,http://trove.nla.gov.au/work/22070828,"Report on the archaeological montoring programme during the redevelopment of Luna Park, Milsons Point, N.S.W. / E. Higginbotham","Luna Park, Milsons Point","Higginbotham, Edward A. K",1993,1993,not found,not found,not found,not found,not found,0.029989526,none found,none found
22002913,http://trove.nla.gov.au/work/22002913,"Report on the archaeological excavations in Macquarie Place, Sydney, NSW, 1988 / E. Higginbotham for Peddle, Thorp and Walker, Sydney","Macquarie Place, Sydney","Higginbotham, Edward A. K",1991,1991,not found,not found,not found,not found,not found,0.07813465,none found,none found
26763468,http://trove.nla.gov.au/work/26763468,"Cultural resources report comprising archival and archaeological  investigations of the former Male Orphan School, Liverpool","Male Orphan School, Liverpool","Thorp, W",1982,1982,not found,not found,not found,not found,not found,0.064065285,none found,none found
213228901,http://trove.nla.gov.au/work/213228901,"Archaeological salvage excavation at McCauleys [sic] Beach, Thirroul, NSW : preliminary report / Richard Fullagar, Denise Donlon","McCauleyƒ__s Beach, Thirroul","Fullagar, Richard",1998,1998,not found,not found,not found,not found,not found,0.12605003,none found,none found
34236535,http://trove.nla.gov.au/work/34236535,"Mean Fiddler, Windsor Road, NSW : historical archaeological assessment & development impact statement / Matthew Kelly","Mean Fiddler, Rouse Hill","Kelly, Matthew archaeologist",2005,2005,not found,not found,not found,not found,not found,0.07023217,150.91552,-33.68162
38535553,http://trove.nla.gov.au/work/38535553,"Final Report on Aboriginal Archaeological Monitoring and Salvage Excavations, Meeting Place Precinct, Botany Bay National Park, Kurnell, NSW","Meeting Place Precinct, Botany Bay National Park, Kurnell","Irish, Paul",2010,2010,not found,not found,not found,not found,not found,0.030513152,none found,none found
160039878,http://trove.nla.gov.au/work/160039878,"Archaeological and heritage assessment : RES site 15 ""Minnaville"" : Penrith Lakes scheme area, Castlereagh, NSW / prepared by Siobhan Lavelle...in association with the Nepean District Historical Archaeology Group for the Penrith Lakes Development Corporation","Minnaville, Castlereagh","Lavelle, Siobhan",1996,1996,not found,not found,not found,not found,not found,0.108587444,150.6756628,-33.7258115
16588608,http://trove.nla.gov.au/work/16588608,Moore Park showground Fox Studios development : archaeological assessment / Godden Mackay Logan,Moore Park Showground,Godden Mackay Logan,1996,1996,not found,not found,not found,not found,not found,0.045483563,151.2254236,-33.89528
6211623,http://trove.nla.gov.au/work/6211623,"Report on further archaeological excavation at Morts Dock, Balmain, NSW / Edward Higginbotham for the Department of Environment and Planning, NSW","Morts Dock, Balmain","Higginbotham, Edward A. K",1987,1987,not found,not found,not found,not found,not found,0.13838503,none found,none found
12904268,http://trove.nla.gov.au/work/12904268,"Report on archaeological investigation of Morts Dock, Balmain : Trenches 13 to 17","Morts Dock, Balmain","Higginbotham, Edward A. K",1986,1986,not found,not found,not found,not found,not found,0.1285952,none found,none found
26895570,http://trove.nla.gov.au/work/26895570,"Morts Dock, Balmain N.S.W. : report on archaeological investigation, 1986 / by Edward Higginbotham, Consultant Archaeological Services for the Department of Environment and Planning","Morts Dock, Balmain","Higginbotham, Edward A. K",1986,1986,not found,not found,not found,not found,not found,0.088497385,none found,none found
32500278,http://trove.nla.gov.au/work/32500278,A report on the history and archaeological potential of part of the former Mount Adelaide Estate at Double Bay / prepared for Woollahra Council by Rosemary Annable,"Mount Adelaide Estate, Double Bay","Annable, Rosemary",1999,1999,not found,not found,not found,not found,not found,0.024964422,none found,none found
192685157,http://trove.nla.gov.au/work/192685157,"An archaeological survey of a proposed subdivision at Mount Jerrabombera, Queanbeyan, New South Wales : a report to Don Fox Planning Pty Ltd, Dural, NSW / by Chris Ballard","Mount Jerrabombera, Queanbeyan","Ballard, Chris, 1963-",1986,1986,not found,not found,not found,not found,not found,0.04009499,none found,none found
160036790,http://trove.nla.gov.au/work/160036790,Tudor Gatehouse Precinct : Murray Gardens : heritage rose planting Parramatta Park : archaeological assessment with recommendations / Robert Varman,"Murray Gardens, Parramatta Park","Varman, R. V. J. (Robert V. J.)",1994,1994,not found,not found,not found,not found,not found,0.04491736,none found,none found
37032982,http://trove.nla.gov.au/work/37032982,"National Trust Centre, Observatory Hill, Sydney : service installation and geotechnical testing : historical archaeological investigation report / prepared by NSW Government Architect's Office for NSW Crown Property Portfolio","National Trust Centre, Observatory Hill, Sydney","Allen, Caitlin",2005,2005,not found,not found,not found,not found,not found,0.058171034,none found,none found
160035824,http://trove.nla.gov.au/work/160035824,"Blacktown: the archaeological investigation of the Native Institution, Blacktown, New South Wales: a report","Native Institution, Blacktown","Bickford, Anne",1981,1981,not found,not found,not found,not found,not found,0.08310313,none found,none found
220723830,http://trove.nla.gov.au/work/220723830,"Archaeological assessment & research design, Newington College, Stanmore / report  prepared for Newington College & Works Australia Pty Ltd. by Ms Dana Jadwiga Mider","Newington College, Stanmore","Mider, Dana Jadwiga",1996,1996,not found,not found,not found,not found,not found,0.086821385,none found,none found
220723852,http://trove.nla.gov.au/work/220723852,"Historical archaeological assessment : Newington College, Stanmore / report prepated for Newington College  Collard Group P/L by Dana Jadwiga Mider & Associates","Newington College, Stanmore","Mider, Dana Jadwiga",2000,2000,not found,not found,not found,not found,not found,0.09019458,none found,none found
9852044,http://trove.nla.gov.au/work/9852044,"North Sydney Boys High School, North Sydney, NSW : historical archaeological & built heritage impact assessment for proposed stage 3 development / Fiona Leslie & Peter Douglas",North Sydney Boys High School,"Leslie, Fiona",2003,2003,not found,not found,not found,not found,not found,0.080838166,151.2075487,-33.8292864
30544690,http://trove.nla.gov.au/work/30544690,"Baseline archaeological assessment of the new sports court and car park at North Sydney Boys High School, Falcon St., North Sydney NSW / Chris Lewczak, Fenella Atkinson & Peter Douglas, on behalf of NSW Department of Commerce ... ..",North Sydney Boys High School,"Lewczak, Chris",2003,2003,not found,not found,not found,not found,not found,0.06923247,151.2075487,-33.8292864
34852243,http://trove.nla.gov.au/work/34852243,"Report on archaeological work in the West Police Magistrates Room at Oatlands Court House, May and June, 1982 : a report to Crawford, Cripps and Wegman, architects, Macquarie Street, Hobart / by A. Lister","Oatlands Court House, Tasmania","Lister, A",1982,1982,not found,not found,not found,not found,not found,0.021640524,none found,none found
160038443,http://trove.nla.gov.au/work/160038443,"Report on the archaeological excavation of the building materials dump associated with the 1908 restoration of Old Government House, Parramatta, N.S.W. / Edward Higginbotham for the National Trust of Australia (N.S.W.)","Old Government House, Parramatta","Higginbotham, Edward A. K",1996,1996,not found,not found,not found,not found,not found,0.07453922,none found,none found
185257304,http://trove.nla.gov.au/work/185257304,"Old Government House, Parramatta : historical archaeological excavation report : report prepared for the Parramatta Park Trust / Godden Mackay Logan","Old Government House, Parramatta",Godden Mackay Logan Pty. Ltd,2013,2013,not found,not found,not found,not found,not found,0.111895055,none found,none found
23443579,http://trove.nla.gov.au/work/23443579,"Assessment of historical and archaeological resources of the Paddy's Market site, Darling Harbour, Sydney / Penny Crook, Laila Ellmoos and Tim Murray",Paddy's Market Site,"Crook, Penny",2003,2003,not found,not found,"[{u'linktype': u'unknown', u'type': u'url', u'linktext': u'Accee electronic version', u'value': u'http://www.latrobe.edu.au/amc/reports/1_PaddysAssessReport.pdf'}]",http://www.latrobe.edu.au/amc/reports/1_PaddysAssessReport.pdf,unknown,0.07683782,151.2041965,-33.879678
224307007,http://trove.nla.gov.au/work/224307007,"Assessment of Historical and Archaeological Resources of the Paddy's Market Site, Darling Harbour, Sydney",Paddy's Market Site,"Crook, Penelope",2003,2003,DEST collection year:2004 DEST category:A2 - Books - Authored other - 2003 (15079) ,"[u'210108 Historical Archaeology (incl. Industrial Archaeology)', u'2101 (four-digit-FOR)']","[{u'linktype': u'notonline', u'type': u'url', u'linktext': u'View record at La Trobe University Research Online', u'value': u'http://hdl.handle.net/1959.9/348070'}]",http://hdl.handle.net/1959.9/348070,notonline,0.06416057,151.2041965,-33.879678
20933287,http://trove.nla.gov.au/work/20933287,"Archaeological investigation Paragon Iron Foundry Bulwara Road, Pyrmont : for Meriton Apartments Pty Ltd / Mary Casey","Paragon Iron Foundry Bulwara Road, Pyrmont","Casey, Mary",1995,1995,not found,not found,not found,not found,not found,0.0662604,none found,none found
22567927,http://trove.nla.gov.au/work/22567927,"Park Road, Wallacia, NSW, historical archaeological assessment / Matthew Kelly","Park Road, Wallacia","Kelly, Matthew, archaeologist",2006,2006,not found,not found,not found,not found,not found,0.102924846,none found,none found
34080441,http://trove.nla.gov.au/work/34080441,"Archaeological investigation, Parramatta Children's Court cnr George & O'Connell Streets, Parramatta / for NSW Department of Commerce on behalf of the NSW Attorney-General's Department ; Casey & Lowe Associates",Parramatta Children's Court,Casey & Lowe Associates,2006,2006,not found,not found,not found,not found,not found,0.074231796,151.0008789,-33.8126188
9847153,http://trove.nla.gov.au/work/9847153,"Parramatta District Hospital, Marsden Street Parramatta, NSW : report on archaeological test investigations at the Colonial Hospital site (1818-1900) / Peter Douglas",Parramatta Justice Precinct,"Douglas, Peter archaeologist",2004,2004,not found,not found,not found,not found,not found,0.116125986,151.0016101,-33.812287
34515459,http://trove.nla.gov.au/work/34515459,"Parramatta Justice Precinct : final archaeological report, monitoring of demolition, Kearney House & The Sulman and Power Building / Adam Paterson & Peter Douglas",Parramatta Justice Precinct,"Paterson, Adam, 1980-",2005,2005,not found,not found,not found,not found,not found,0.06445055,151.0016101,-33.812287
14031463,http://trove.nla.gov.au/work/14031463,"The Parramatta River maritime archaeological works project : interim report / prepared for the Department of Transport, New South Wales, by Wolfe and Associates",Parramatta River,New South Wales. Department of Transport,1992,1992,not found,not found,not found,not found,not found,0.04993441,none found,none found
15680533,http://trove.nla.gov.au/work/15680533,Report of the maritime archaeological survey of areas of the upper Parramatta River affected by dredging for the Rivercat ferry service / by Rebecca Bower & Mark Staniforth,Parramatta River,"Bower, Rebecca",1993,1993,not found,not found,not found,not found,not found,0.03900121,none found,none found
26817565,http://trove.nla.gov.au/work/26817565,Report of the maritime archaeology survey of areas of the upper Parramatta River affected by dredging for the Rivercat ferry service / by Rebecca Bower & Mark Staniforth,Parramatta River,"Bower, Rebecca",1992,1992,not found,not found,not found,not found,not found,0.035299677,none found,none found
160039879,http://trove.nla.gov.au/work/160039879,"DA 4 management study heritage assessment : Penrith Lakes scheme area, Castlereagh, NSW / prepared by Siobhan Lavelle...in association with Anne Bickford [and] the Nepean District Historical Archaeology Group for the Penrith Lakes Development Corporation","Penrith Lakes scheme area, Castlereagh","Lavelle, Siobhan",1997,1997,not found,not found,not found,not found,not found,0.032025136,150.6756628,-33.7258115
230496810,http://trove.nla.gov.au/work/230496810,"Historical archaeological assessment, site 32, Penrith Lakes Scheme area, Cranebrook, NSW / prepared by Siobhan Lavelle ; in association with the Nepean District Historical Archaeology Group ; for the Penrith Lakes Development Corporation","Penrith Lakes Scheme area, Cranebrook","Lavelle, Siobhan",1995,1995,not found,not found,not found,not found,not found,0.12940001,150.666225,-33.6878532
32159070,http://trove.nla.gov.au/work/32159070,Emu Plains - old and new police stations: a report by the Nepean District  Historical Archaeology Group,"Police Station, Emu Plains","Gyford, G.F.B. (compiler)",1981,1981,not found,not found,not found,not found,not found,0.027842743,none found,none found
6621275,http://trove.nla.gov.au/work/6621275,POW project 1995 : Randwick Destitute Children's Asylum Cemetery : archaeological investigation,"Prince of Wales Hospital, Randwick",New South Wales. Dept. of Health,1997,1997,not found,not found,not found,not found,not found,0.09397787,none found,none found
6629557,http://trove.nla.gov.au/work/6629557,Prospect Reservoir proposed water channel 2 : archaeological survey for Aboriginal sites : report to the NSW Water Board / by Laurajane Smith,Prospect Reservoir,"Smith, Laurajane",1989,1989,not found,not found,not found,not found,not found,0.038765356,150.8929227,-33.8210665
30476974,http://trove.nla.gov.au/work/30476974,"Initial archaeological assessment of the public domain ""under the freeway"" at Bulwarra Rd & Harris St., Ultimo NSW / Peter Douglas & Wendy Thorp","public domain ""under the freeway"" at Bulwarra Rd & Harris St., Ultimo","Douglas, Peter archaeologist",2002,2002,not found,not found,not found,not found,not found,0.04972324,none found,none found
21505760,http://trove.nla.gov.au/work/21505760,Baseline archaeological assessment Pyrmont Point / for the Department of Housing ; Casey & Lowe Associates Archaeologists & Heritage Consultants,"Pyrmont Point, Pyrmont",New South Wales. Department of Housing,1993,1993,not found,not found,not found,not found,not found,0.0601982,none found,none found
20932180,http://trove.nla.gov.au/work/20932180,Archaeological excavation RH/46: Queen's Arms Inn & Rouse Hill Post Office : for the Rouse Hill Infratructure Project (Stage 1) Works / Casey & Lowe Associates for Brayshaw McDonald,Queen's Arms Inn & Rouse Hill Post Office,Casey & Lowe Associates,1995,1995,not found,not found,not found,not found,not found,0.06692489,150.9429985,-33.732328
177226210,http://trove.nla.gov.au/work/177226210,"Archaeological excavation of Queens Park, Brisbane / Austral Archaeology for Jupiters Limited","Queens Park, Brisbane",Austral Archaeology,1993,1993,not found,not found,not found,not found,not found,0.14368746,none found,none found
160035168,http://trove.nla.gov.au/work/160035168,"Archaeological investigation of Queens Park, Brisbane","Queens Park, Brisbane",Austral Archaeology,1993,1993,not found,not found,not found,not found,not found,0.13374205,none found,none found
5717485,http://trove.nla.gov.au/work/5717485,Queens Wharf Reserve Parramatta : archaeological assessment / for Parramatta City Council ; by Dr. Robert V.J. Varman,"Queens Wharf Reserve, Parramatta","Varman, R. V. J. (Robert V. J.)",1996,1996,not found,not found,not found,not found,not found,0.039521314,none found,none found
21613031,http://trove.nla.gov.au/work/21613031,"Historical and archaeological assessment of the site of the Reverend Samuel Marsden's Seminary for Maoris at Parramatta / A.T. (Sandy) Yarwood, Peter Douglas","Rangihou Reserve, Parramatta","Yarwood, A. T. (Alexander Turnbull), 1927-2002",1994,1994,not found,not found,not found,not found,not found,0.022698926,none found,none found
30151173,http://trove.nla.gov.au/work/30151173,"Regentville archaeological project, 1985-1993 : final report to the National Estate Grant Program / Judy Birmingham and Andrew Wilson","Regentville, Mullgoa","Birmingham, Judy",1994,1994,not found,not found,not found,not found,not found,0.09610044,none found,none found
20184807,http://trove.nla.gov.au/work/20184807,"Historical archaeological survey of Robertson Park to locate the remains of the Clovelly Estate : report to Woollahra Municipal Council, May 1991 / by Jillian Comber and Adrienne Powell","Robertson Park, Clovelly","Comber, Jillian",1991,1991,not found,not found,not found,not found,not found,0.024964422,none found,none found
34544380,http://trove.nla.gov.au/work/34544380,"Old Bowling Club, Parramatta Park : first Parramatta lumber yard site preliminary archaeological and historical report / by Dr Robert VJ Varman for Anne Hatossy, Parramatta City Council","Rose Garden, Parramatta Park","Hatossy, Anne",1994,1994,not found,not found,not found,not found,not found,0.019971538,none found,none found
192621562,http://trove.nla.gov.au/work/192621562,Archaeological assessment in the Rouse Hill urban release area / Robert Staib,Rouse Hill,"Staib, Robert Eric",2002,2002,not found,not found,not found,not found,not found,0.045901656,150.91552,-33.68162
26963708,http://trove.nla.gov.au/work/26963708,Rouse Hill archaeological report : resource document for sites and outbuildings / Wendy Thorp for the Department of Environment and Planning,Rouse Hill,"Thorp, Wendy",1988,1988,not found,not found,not found,not found,not found,0.045030124,150.91552,-33.68162
213602178,http://trove.nla.gov.au/work/213602178,"Royal Exhibition Building, Carlton, Western forecourt archaeological investigation : succinct report / Report prepared for Museum Victoria and Heritage Victoria","Royal Exhibition Building, Carlton, Victoria",Godden Mackay Logan Pty. Ltd,2010,2010,not found,not found,not found,not found,not found,0.13956665,none found,none found
20559100,http://trove.nla.gov.au/work/20559100,"The former Royal Hospital for Women site, Paddington N.S.W. : initial archaeological assessment report & preliminary heritage impact statement ? / Austral Archaeology Pty Ltd","Royal Hospital for Women, Paddington",Austral Archaeology,1997,1997,not found,not found,not found,not found,not found,0.14217919,none found,none found
23443546,http://trove.nla.gov.au/work/23443546,"Assessment of historical and archaeological resources of the Royal Mint site, Sydney / Penny Crook, Laila Ellmoos and Tim Murray","Royal Mint, Sydney","Crook, Penny",2003,2003,not found,not found,"[{u'linktype': u'unknown', u'type': u'url', u'linktext': u'Access electronic version', u'value': u'http://www.latrobe.edu.au/amc/reports/6_MintAssessReport.pdf'}]",http://www.latrobe.edu.au/amc/reports/6_MintAssessReport.pdf,unknown,0.09836938,none found,none found
224308431,http://trove.nla.gov.au/work/224308431,"Assessment of Historical and Archaeological Resources of the Royal Mint Site, Sydney","Royal Mint, Sydney","Crook, Penelope",2003,2003,DEST collection year:2004 DEST category:A2 - Books - Authored other - 2003 (15079) ,"[u'210108 Historical Archaeology (incl. Industrial Archaeology)', u'2101 (four-digit-FOR)']","[{u'linktype': u'notonline', u'type': u'url', u'linktext': u'View record at La Trobe University Research Online', u'value': u'http://hdl.handle.net/1959.9/336836'}]",http://hdl.handle.net/1959.9/336836,notonline,0.06445849,none found,none found
206284256,http://trove.nla.gov.au/work/206284256,"Aboriginal archaeological and cultural heritage impact assessment : Royal North Shore Hospital, St Leonards, NSW / Dominic Steele Consulting Archaeology","Royal North Shore Hospital, St Leonards",Dominic Steele Consulting Archaeology,2006,2006,not found,not found,not found,not found,not found,0.15726581,none found,none found
20088600,http://trove.nla.gov.au/work/20088600,"Sacred Heart Church, Darlinghurst, Sydney : historical archaeological impact assessment & research design / Matthew Kelly","Sacred Heart Church, Darlinghurst",Kelly Matthew Archaeologist,2006,2006,not found,not found,not found,not found,not found,0.08203286,none found,none found
213228765,http://trove.nla.gov.au/work/213228765,"Sandon Point residential subdivision, Stages 2-6, development area Bulli, north of Wollongong, NSW : archaeological subsurface testing program & aboriginal consultation / a report to Rose Consulting Group for Stockland Constructors [by] Navin Officer Heritage Consultants",Sandon Point residential subdivision,Navin Officer Heritage Consultants,2001,2001,not found,not found,not found,not found,not found,0.03665638,150.9247345,-34.3354444
20932411,http://trove.nla.gov.au/work/20932411,Scarborough House archaeological report / E. C. J. Lydon [for] Sydney Cove Authority,"Scarborough House, The Rocks","Lydon, E. C. J",1992,1992,not found,not found,not found,not found,not found,0.056695983,none found,none found
24632796,http://trove.nla.gov.au/work/24632796,"Archaeological study of the Scheyville development area at Scheyville, NSW / Mary Dallas & Kerri Navin",Scheyville development area,"Dallas, Mary",1990,1990,not found,not found,not found,not found,not found,0.062855,150.88291,-33.6112
22006494,http://trove.nla.gov.au/work/22006494,"Report on the archaeological monitoring programme for the site of the multi-storey car park, Erby Place, Parramatta, N.S.W. / E. Higginbotham for Parramatta City Council",Secure Parking - Eat Street Car Park,"Higginbotham, Edward A. K",1992,1992,not found,not found,not found,not found,not found,0.055365585,none found,none found
29690184,http://trove.nla.gov.au/work/29690184,Historical archaeological assessment research design & excavation methodology for proposed investigations at Block 'F' South Western Institute of Tafe Liverpool NSW / Dan Tuck & Peter Douglas on behalf of DPWS & DET,"South Western Institute of Tafe, Liverpool","Tuck, Dan",2002,2002,not found,not found,not found,not found,not found,0.1541665,none found,none found
21008003,http://trove.nla.gov.au/work/21008003,"St Mary's Cathedral, Sydney : archaeological research design & proposed excavation methodology / Matthew Kelly","St Mary's Cathedral, Sydney","Kelly, Matthew archaeologist",2005,2005,not found,not found,not found,not found,not found,0.118270695,none found,none found
160035347,http://trove.nla.gov.au/work/160035347,Preliminary assessment of the potenial of the St. Marys munitions factory grounds to contain Aboriginal archaeological sites / Laurajane Smith,St Marys Munitions Factory,"Smith, Laurajane",1991,1991,not found,not found,not found,not found,not found,0.051650275,150.770101,-33.7351085
19259154,http://trove.nla.gov.au/work/19259154,"Archival Report and Archaeological Assessment. New Library Site, Macquarie Street, Sydney","State Library of NSW, Sydney",Australian Archaeological Resources,1983,1983,not found,"[u'Defence', u'Education', u'Government and administration']","[{u'linktype': u'fulltext', u'type': u'url', u'value': u'http://dx.doi.org/10.4227/11/50459D3217354'}]",http://dx.doi.org/10.4227/11/50459D3217354,fulltext,0.10693677,none found,none found
13912312,http://trove.nla.gov.au/work/13912312,"Archaeological report, record and analysis of features recorded during demolition on the site of the State Library extentions, Macquarie Street, Sydney / W. Thorp","State Library of NSW, Sydney","Thorp, Wendy",1984,1984,not found,not found,not found,not found,not found,0.033561077,none found,none found
23117755,http://trove.nla.gov.au/work/23117755,"Archival and archaeological report : storage buildings : south boundary, Sydney Hospital / W. Thorp, prepared for the Department of Public Works by A.A.R., Australian Archaeological Resources","Sydney Hospital, Sydney","Thorp, Wendy",1984,1984,not found,not found,not found,not found,not found,0.04246631,none found,none found
18185694,http://trove.nla.gov.au/work/18185694,"Archaeological report, Sydney Hospital programme, 1984-1985 / Wendy Thorp ; prepared for the Department of Public Works","Sydney Hospital, Sydney","Thorp, Wendy",1985,1985,not found,not found,not found,not found,not found,0.046187527,none found,none found
34296644,http://trove.nla.gov.au/work/34296644,"Archaeological assessment Systrum Street, Ultimo, N.S.W. / for Ercole Palazzette on behalf of Cooney Holdings","Systrum Street, Ultimo",Casey & Lowe Associates,1994,1994,not found,not found,not found,not found,not found,0.06501952,none found,none found
12903926,http://trove.nla.gov.au/work/12903926,"Preliminary archaeological assessment : Telephone Exchange extensions, Parramatta, NSW / prepared by Edward Higginbotham for the Department of Housing and Construction","Telephone Exchange, Parramatta","Higginbotham, Edward A. K",1987,1987,not found,not found,not found,not found,not found,0.05647824,none found,none found
170133813,http://trove.nla.gov.au/work/170133813,"Archaeological survey of proposed urban subdivision at Tempe House, North Arncliffe, NSW : report to Landco (NSW) Pty Ltd","Tempe House, North Arncliffe",Jo McDonald Cultural Heritage Management Pty. Ltd,2000,2000,not found,not found,not found,not found,not found,0.029957306,none found,none found
192062666,http://trove.nla.gov.au/work/192062666,"The Cumberland/Gloucester Streets site archaeological investigation : archaeological investigation report. Godden Mackay Logan, Heritage consultants ; prepared for the Sydney Cove Authority","The Big Dig site, The Rocks",Godden Mackay Logan Pty. Ltd,2005,2005,not found,not found,not found,not found,not found,0.08211516,none found,none found
31971278,http://trove.nla.gov.au/work/31971278,"The Cumberland/Gloucester Street site archaeological investigation : preliminary management report ; prepared for The Sydney Cove Authority, October 1994 / [by Richard Mackay ... [et.al.]]","The Big Dig site, The Rocks","Mackay, Richard",1994,1994,not found,not found,not found,not found,not found,0.073035076,none found,none found
23443562,http://trove.nla.gov.au/work/23443562,"Assessment of historical and archaeological resources of the Cumberland and Gloucester Streets site, The Rocks, Sydney / Penny Crook, Laila Ellmoos and Tim Murray","The Big Dig site, The Rocks","Crook, Penny",2003,2003,not found,not found,"[{u'linktype': u'unknown', u'type': u'url', u'linktext': u'Access electronic version', u'value': u'http://www.latrobe.edu.au/amc/reports/3_CuGlAssessReport.pdf'}]",http://www.latrobe.edu.au/amc/reports/3_CuGlAssessReport.pdf,unknown,0.08259384,none found,none found
224306974,http://trove.nla.gov.au/work/224306974,"Assessment of Historical and Archaeological Resources of the Cumberland and Gloucester Street site, The Rocks, Sydney","The Big Dig site, The Rocks","Crook, Penelope",2003,2003,DEST collection year:2004 DEST category:A2 - Books - Authored other - 2003 (15079) ,"[u'210108 Historical Archaeology (incl. Industrial Archaeology)', u'2101 (four-digit-FOR)']","[{u'linktype': u'notonline', u'type': u'url', u'linktext': u'View record at La Trobe University Research Online', u'value': u'http://hdl.handle.net/1959.9/348304'}]",http://hdl.handle.net/1959.9/348304,notonline,0.0565448,none found,none found
160039456,http://trove.nla.gov.au/work/160039456,"Historical archaeological investigation of the Cumberland Street development site, The Rocks, Sydney 1989 / Andrew Wilson","The Big Dig site, The Rocks","Wilson, Andrew",1989,1989,not found,not found,not found,not found,not found,0.04476174,none found,none found
5760728,http://trove.nla.gov.au/work/5760728,"The Cumberland/Gloucester Streets site, The Rocks : archaeological investigation report","The Big Dig site, The Rocks","Karskens, Grace",1999,1999,not found,not found,not found,not found,not found,0.17557448,none found,none found
20318226,http://trove.nla.gov.au/work/20318226,"The Cumberland / Gloucester Streets site, The Rocks","The Big Dig site, The Rocks","Logan, Godden Mackay",2005,2005,not found,not found,not found,not found,not found,0.07372278,none found,none found
24037964,http://trove.nla.gov.au/work/24037964,"A maritime archaeological investigation of potential impacts of the construction of the third Sydney runway and dredging of preferred fill sites : Botany Bay, NSW / a report to the Federal Airports Corporation (Technical Services) by Nicholas Clark",third Sydney runway,"Clark, Nicholas",1992,1992,not found,not found,not found,not found,not found,0.050774004,151.0360188,-33.935562
26437546,http://trove.nla.gov.au/work/26437546,"Report on archaeological investigations in 1982 and 1983 Treasury Building, Bridge and Macquarie Streets, Sydney : Archival report / E Higginbotham for Management Contractors (UK and Overseas) Ltd","Treasury Building, Sydney","Higginbotham, Edward A. K",1983,1983,not found,not found,not found,not found,not found,0.052822806,none found,none found
9850033,http://trove.nla.gov.au/work/9850033,"Archaeological research design & excavation methodology for proposed test investigations at the Ultimo Aquatic Centre development site, cnr William Henry and Harris St's Ultimo, NSW / Dan Tuck & Peter Doulgas, on behalf of the City of Sydney",Ultimo Aquatic Centre,Archaeological & Heritage Management Solutions (Firm),2002,2002,not found,not found,not found,not found,not found,0.10422179,151.1988611,-33.8774042
9851620,http://trove.nla.gov.au/work/9851620,"Aboriginal archaeological test excavation at the proposed Ultimo Aquatic Centre site cnr of William Henry & Harris St's, Ultimo NSW / Jim Wheeler",Ultimo Aquatic Centre,"Wheeler, Jim archaeologist",2003,2003,not found,not found,not found,not found,not found,0.12028965,151.1988611,-33.8774042
9850570,http://trove.nla.gov.au/work/9850570,"Aboriginal archaeological assessment for the proposed Ultimo Aquatic Centre at the cnr of William Henry & Harris St's, Ultimo NSW / Jim Wheeler",Ultimo Aquatic Centre,"Wheeler, Jim archaeologist",2003,2003,not found,not found,not found,not found,not found,0.095210664,151.1988611,-33.8774042
12864140,http://trove.nla.gov.au/work/12864140,"Report on archaeological investigation during installation of new street lighting layout at Victoria Barracks, Sydney, N.S.W. : report / prepared by Edward Higginbotham, Consultant Archaeological Services","Victoria Barracks, Sydney","Higginbotham, Edward A. K",1986,1986,not found,not found,not found,not found,not found,0.10870288,none found,none found
160039136,http://trove.nla.gov.au/work/160039136,"Report on archaeological investigation during installation of new street lighting layout at Victoria Barracks, Sydney, N.S.W. / prepared by Edward Higginbotham for the Department of Housing and Construction","Victoria Barracks, Sydney","Higginbotham, Edward A. K",1986,1986,not found,not found,not found,not found,not found,0.060435068,none found,none found
157012535,http://trove.nla.gov.au/work/157012535,"Aboriginal archaeological assessment, Victoria Lodge, Royal Botanic Gardens, Sydney, New South Wales : a report prepared for the New South Wales Department of Public Works and Services / Dominic Steele Consulting Archaeology","Victoria Lodge, Royal Botanic Gardens",Dominic Steele Consulting Archaeology,2000,2000,not found,not found,not found,not found,not found,0.16062921,none found,none found
16239821,http://trove.nla.gov.au/work/16239821,"Voyager Point : assessment of historical archaeological significance / prepared for Wattle Grove Development ... ; prepared by Clive Lucas,Stapleton and Partners",Voyager Point,"Clive Lucas, Stapleton & Partners",1996,1996,not found,not found,not found,not found,not found,0.050744545,150.979,-33.959
35642971,http://trove.nla.gov.au/work/35642971,An archaeological survey of the proposed Western Arm Prospect / a report to AGC Woodward-Clyde International by Daryl Guse,"Western Arm, Prospect","Guse, Daryl Lloyd",1993,1993,not found,not found,not found,not found,not found,0.052479267,none found,none found
34296661,http://trove.nla.gov.au/work/34296661,"Archaeological assessment Wharf 11 & Cowper Wharf Rd., Woolloomooloo : final report / prep. for The Wharf at Woolloomooloo Pty. Ltd. by Dana Jadwiga Mider","Wharf 11, Woolloomooloo","Mider, Dana Jadwiga",1997,1997,not found,not found,not found,not found,not found,0.06949742,none found,none found
30832774,http://trove.nla.gov.au/work/30832774,"Maritime archaeological inspection report and heritage assessment [White Bay, Sydney Harbour] / prepared for Survey Services Section, Sydney Ports Corporation by ... by Stirling Smith ; research by Kim Tao","White Bay, Sydney Harbour","Smith, Stirling",2005,2005,not found,not found,"[{u'linktype': u'fulltext', u'type': u'url', u'linktext': u'Archived version', u'value': u'http://nla.gov.au/nla.arc-78921'}, {u'linktype': u'unknown', u'type': u'url', u'linktext': u""Publisher's site"", u'value': u'http://www.maritime.nsw.gov.au'}]",http://nla.gov.au/nla.arc-78921,fulltext,0.16252914,none found,none found
156198159,http://trove.nla.gov.au/work/156198159,Windsor Bridge over the Hawkesbury River : preliminary Aboriginal archaeological and cultural heritage baseline investigations / [prepared by Austral Archaeology Pty Ltd for Roads and Traffic Authority NSW],Windsor Bridge,Roads and Traffic Authority of NSW,2011,2011,not found,not found,"[{u'linktype': u'unknown', u'type': u'url', u'linktext': u'Access electronic version', u'value': u'http://www.rta.nsw.gov.au/roadprojects/projects/sydney_region/western_sydney/windsor_bridge/project_documents.html'}]",http://www.rta.nsw.gov.au/roadprojects/projects/sydney_region/western_sydney/windsor_bridge/project_documents.html,unknown,0.20468447,150.8222356,-33.6032647
156198030,http://trove.nla.gov.au/work/156198030,Windsor Bridge over the Hawkesbury River : built heritage and archaelogical landscape investigations / [prepared by Austral Archaeology Pty Ltd for Roads & Traffic Authority NSW],Windsor Bridge,Roads and Traffic Authority of NSW,2011,2011,not found,not found,"[{u'linktype': u'unknown', u'type': u'url', u'linktext': u'Access electronic version', u'value': u'http://www.rta.nsw.gov.au/roadprojects/projects/sydney_region/western_sydney/windsor_bridge/project_documents.html'}]",http://www.rta.nsw.gov.au/roadprojects/projects/sydney_region/western_sydney/windsor_bridge/project_documents.html,unknown,0.12264829,150.8222356,-33.6032647
18842579,http://trove.nla.gov.au/work/18842579,"Conservation analysis report on Woodbine, Port Fairy, Victoria. D.V. Bick","Woodbine, Port Fairy, Victoria","Bick, D. V. (David V.)",1985,1985,not found,not found,not found,not found,not found,0.03554786,none found,none found
153847193,http://trove.nla.gov.au/work/153847193,"Conservation analysis report. Volume 2, Report on archaeological work at ""Woodbine"", Port Fairy, Victoria, December 1982 / J.P. Wesson","Woodbine, Port Fairy, Victoria","Wesson, J. P",1982,1982,not found,not found,not found,not found,not found,0.032309372,none found,none found
235237899,http://trove.nla.gov.au/work/235237899,"Woollahra Public School : preliminary historical archaeological assessment / Government Architect's Office, Department of Commerce",Woollahra Public School,New South Wales. Government Architect's Office,2008,2008,not found,not found,not found,not found,not found,0.06427403,151.2412598,-33.886567
12902076,http://trove.nla.gov.au/work/12902076,"Former Anthony Hordern's site, Brickfield Hill : historical and archaeological assessment of section 8, City of Sydney / Edward Higginbotham","World Square, Sydney","Higginbotham, Edward A. K",1987,1987,not found,not found,not found,not found,not found,0.0661277,none found,none found
